{
  "navigation": {
    "dashboards": "Dashboards",
    "crm": "CRM",
    "analytics": "Analytics",
    "eCommerce": "eCommerce",
    "appsPages": "Apps & Pages",
    "apps": "Apps",
    "calendar": "Calendar",
    "invoice": "Invoice",
    "list": "List",
    "preview": "Preview",
    "edit": "Edit",
    "add": "Add",
    "user": "User",
    "view": "View",
    "rolesPermissions": "Roles & Permissions",
    "roles": "Roles",
    "permissions": "Permissions",
    "pages": "Pages",
    "userProfile": "User Profile",
    "accountSettings": "Account Settings",
    "faq": "FAQ",
    "pricing": "Pricing",
    "miscellaneous": "Miscellaneous",
    "comingSoon": "Coming Soon",
    "underMaintenance": "Under Maintenance",
    "pageNotFound404": "Page Not Found - 404",
    "notAuthorized401": "Not Authorized - 401",
    "authPages": "Auth Pages",
    "login": "Login",
    "loginV1": "Login v1",
    "loginV2": "Login v2",
    "register": "Register",
    "registerV1": "Register v1",
    "registerV2": "Register v2",
    "registerMultiSteps": "Register Multi-Steps",
    "verifyEmail": "Verify Email",
    "verifyEmailV1": "Verify Email v1",
    "verifyEmailV2": "Verify Email v2",
    "forgotPassword": "Forgot Password",
    "forgotPasswordV1": "Forgot Password v1",
    "forgotPasswordV2": "Forgot Password v2",
    "resetPassword": "Reset Password",
    "resetPasswordV1": "Reset Password v1",
    "resetPasswordV2": "Reset Password v2",
    "twoSteps": "Two Steps",
    "twoStepsV1": "Two Steps v1",
    "twoStepsV2": "Two Steps v2",
    "wizardExamples": "Wizard Examples",
    "checkout": "Checkout",
    "propertyListing": "Property Listing",
    "createDeal": "Create Deal",
    "dialogExamples": "Dialog Examples",
    "widgetExamples": "Widget Examples",
    "basic": "Basic",
    "advanced": "Advanced",
    "statistics": "Statistics",
    "actions": "Actions",
    "formsAndTables": "Forms & Tables",
    "formLayouts": "Form Layouts",
    "formValidation": "Form Validation",
    "formWizard": "Form Wizard",
    "reactTable": "React Table",
    "formELements": "Form Elements",
    "muiTables": "MUI Tables",
    "chartsMisc": "Charts & Misc",
    "charts": "Charts",
    "recharts": "Recharts",
    "apex": "Apex",
    "foundation": "Foundation",
    "components": "Components",
    "menuExamples": "Menu Examples",
    "raiseSupport": "Raise Support",
    "documentation": "Documentation",
    "others": "Others",
    "itemWithBadge": "Item with Badge",
    "externalLink": "External Link",
    "menuLevels": "Menu Levels",
    "menuLevel2": "Menu Level 2",
    "menuLevel3": "Menu Level 3",
    "disabledMenu": "Disabled Menu"
  }
}
